{"cameraMode":{"drawMode":0,"name":"Shaded","section":"Shading Mode"},"sceneLighting":false,"audioPlay":false,"sceneViewState":{"m_AlwaysRefresh":false,"showFog":true,"showSkybox":true,"showFlares":true,"showImageEffects":true,"showParticleSystems":true,"showVisualEffectGraphs":true,"m_FxEnabled":true},"in2DMode":false,"pivot":{"x":736.6666870117188,"y":378.3333435058594,"z":-4.76837158203125e-7},"rotation":{"x":0.01048746332526207,"y":0.043269846588373187,"z":-0.000522009504493326,"w":0.9990391135215759},"size":431.1506652832031,"orthographic":true}