{"cameraMode":{"drawMode":0,"name":"Shaded","section":"Shading Mode"},"sceneLighting":true,"audioPlay":false,"sceneViewState":{"m_AlwaysRefresh":false,"showFog":true,"showSkybox":true,"showFlares":true,"showImageEffects":true,"showParticleSystems":true,"showVisualEffectGraphs":true,"m_FxEnabled":true},"in2DMode":false,"pivot":{"x":-27.903810501098634,"y":11.679204940795899,"z":5.812167644500732},"rotation":{"x":-0.07596109062433243,"y":0.10986240953207016,"z":-0.008418257348239422,"w":-0.9910107851028442},"size":4.295648097991943,"orthographic":true}