{"cameraMode":{"drawMode":0,"name":"Shaded","section":"Shading Mode"},"sceneLighting":false,"audioPlay":false,"sceneViewState":{"m_AlwaysRefresh":false,"showFog":true,"showSkybox":true,"showFlares":true,"showImageEffects":true,"showParticleSystems":true,"showVisualEffectGraphs":true,"m_FxEnabled":true},"in2DMode":false,"pivot":{"x":-118.19598388671875,"y":-0.4016425907611847,"z":-30.754302978515626},"rotation":{"x":-0.025899769738316537,"y":0.971765398979187,"z":-0.12805168330669404,"w":-0.19714440405368806},"size":32.320133209228519,"orthographic":false}