{"cameraMode":{"drawMode":0,"name":"Shaded","section":"Shading Mode"},"sceneLighting":false,"audioPlay":false,"sceneViewState":{"m_AlwaysRefresh":false,"showFog":true,"showSkybox":true,"showFlares":true,"showImageEffects":true,"showParticleSystems":true,"showVisualEffectGraphs":true,"m_FxEnabled":true},"in2DMode":false,"pivot":{"x":-13.253181457519532,"y":5.839615821838379,"z":6.609857559204102},"rotation":{"x":0.059719402343034747,"y":0.7157663702964783,"z":-0.061750661581754687,"w":0.6931783556938171},"size":45.47208023071289,"orthographic":false}