{"cameraMode":{"drawMode":0,"name":"Shaded","section":"Shading Mode"},"sceneLighting":false,"audioPlay":false,"sceneViewState":{"m_AlwaysRefresh":false,"showFog":true,"showSkybox":true,"showFlares":true,"showImageEffects":true,"showParticleSystems":true,"showVisualEffectGraphs":true,"m_FxEnabled":true},"in2DMode":false,"pivot":{"x":43.26356887817383,"y":544.6839599609375,"z":-411.76617431640627},"rotation":{"x":-0.45811840891838076,"y":0.024208979681134225,"z":-0.012327827513217926,"w":-0.8886114358901978},"size":0.2635722756385803,"orthographic":false}