{"cameraMode":{"drawMode":0,"name":"Shaded","section":"Shading Mode"},"sceneLighting":true,"audioPlay":false,"sceneViewState":{"m_AlwaysRefresh":false,"showFog":true,"showSkybox":true,"showFlares":true,"showImageEffects":true,"showParticleSystems":true,"showVisualEffectGraphs":true,"m_FxEnabled":true},"in2DMode":false,"pivot":{"x":-82.00883483886719,"y":11.597738265991211,"z":-43.86597442626953},"rotation":{"x":0.003124247770756483,"y":0.9955796003341675,"z":-0.08683480322360993,"w":0.035865649580955508},"size":17.266277313232423,"orthographic":true}