{"cameraMode":{"drawMode":0,"name":"Shaded","section":"Shading Mode"},"sceneLighting":true,"audioPlay":false,"sceneViewState":{"m_AlwaysRefresh":false,"showFog":true,"showSkybox":true,"showFlares":true,"showImageEffects":true,"showParticleSystems":true,"showVisualEffectGraphs":true,"m_FxEnabled":true},"in2DMode":false,"pivot":{"x":794.97119140625,"y":370.33697509765627,"z":-126.69747924804688},"rotation":{"x":0.0059935771860182289,"y":-0.04557530954480171,"z":-0.0002722462231758982,"w":-0.9989454746246338},"size":460.6801452636719,"orthographic":true}