{"cameraMode":{"drawMode":0,"name":"Shaded","section":"Shading Mode"},"sceneLighting":false,"audioPlay":false,"sceneViewState":{"m_AlwaysRefresh":false,"showFog":true,"showSkybox":true,"showFlares":true,"showImageEffects":true,"showParticleSystems":true,"showVisualEffectGraphs":true,"m_FxEnabled":true},"in2DMode":false,"pivot":{"x":-52.90570068359375,"y":19.728378295898439,"z":9.503538131713868},"rotation":{"x":0.15388788282871247,"y":-0.005646266043186188,"z":0.0008818061905913055,"w":0.9880938529968262},"size":15.11768627166748,"orthographic":false}