{"cameraMode":{"drawMode":0,"name":"Shaded","section":"Shading Mode"},"sceneLighting":false,"audioPlay":false,"sceneViewState":{"m_AlwaysRefresh":false,"showFog":true,"showSkybox":true,"showFlares":true,"showImageEffects":true,"showParticleSystems":true,"showVisualEffectGraphs":true,"m_FxEnabled":true},"in2DMode":false,"pivot":{"x":-46.640655517578128,"y":-84.2557144165039,"z":-1.8387908935546876},"rotation":{"x":0.045348234474658969,"y":0.9545981884002686,"z":-0.20347660779953004,"w":0.2129875123500824},"size":113.67606353759766,"orthographic":false}