{"cameraMode":{"drawMode":0,"name":"Shaded","section":"Shading Mode"},"sceneLighting":true,"audioPlay":false,"sceneViewState":{"m_AlwaysRefresh":false,"showFog":true,"showSkybox":true,"showFlares":true,"showImageEffects":true,"showParticleSystems":true,"showVisualEffectGraphs":true,"m_FxEnabled":true},"in2DMode":false,"pivot":{"x":28.150325775146486,"y":30.925132751464845,"z":-30.662567138671876},"rotation":{"x":-0.0888824388384819,"y":0.46157458424568179,"z":-0.04654397815465927,"w":-0.8814125657081604},"size":5.825806617736816,"orthographic":true}