{"cameraMode":{"drawMode":0,"name":"Shaded","section":"Shading Mode"},"sceneLighting":false,"audioPlay":false,"sceneViewState":{"m_AlwaysRefresh":false,"showFog":true,"showSkybox":true,"showFlares":true,"showImageEffects":true,"showParticleSystems":true,"showVisualEffectGraphs":true,"m_FxEnabled":true},"in2DMode":false,"pivot":{"x":-10.948478698730469,"y":15.07139778137207,"z":28.489700317382814},"rotation":{"x":0.059719402343034747,"y":0.7157663702964783,"z":-0.061750661581754687,"w":0.6931783556938171},"size":43.513954162597659,"orthographic":false}