{"cameraMode":{"drawMode":0,"name":"Shaded","section":"Shading Mode"},"sceneLighting":false,"audioPlay":false,"sceneViewState":{"m_AlwaysRefresh":false,"showFog":true,"showSkybox":true,"showFlares":true,"showImageEffects":true,"showParticleSystems":true,"showVisualEffectGraphs":true,"m_FxEnabled":true},"in2DMode":false,"pivot":{"x":625.5582275390625,"y":528.6419067382813,"z":108.91903686523438},"rotation":{"x":0.21754615008831025,"y":-0.042353104799985889,"z":0.009418757632374764,"w":0.9751214981079102},"size":558.4758911132813,"orthographic":false}